95437,Fort Bragg,CA
99301,Pasco,WA
95819,Sacramento,CA
98682,Vancouver,WA
98012,Bothell,WA
97006,Beaverton,OR
97007,Beaverton,OR
98052,Redmond,WA
97701,Bend,OR
97229,Portland,OR
98208,Everett,WA
97045,Oregon City,OR
97301,Salem,OR
97124,Hillsboro,OR
99208,Spokane,WA
98115,Seattle,WA
98103,Seattle,WA
97206,Portland,OR
97402,Eugene,OR
98391,Bonney Lake,WA
99336,Kennewick,WA
98225,Bellingham,WA
98632,Longview,WA
98270,Marysville,WA
97223,Portland,OR
98105,Seattle,WA
98023,Federal Way,WA
97702,Bend,OR
98003,Federal Way,WA
98387,Spanaway,WA
97123,Hillsboro,OR
98118,Seattle,WA
98133,Seattle,WA
98042,Kent,WA
98661,Vancouver,WA
97504,Medford,OR
98092,Auburn,WA
98902,Yakima,WA
97501,Medford,OR
97401,Eugene,OR
97405,Eugene,OR
97080,Gresham,OR
98837,Moses Lake,WA
98223,Arlington,WA
97305,Salem,OR
98226,Bellingham,WA
98058,Renton,WA
99205,Spokane,WA
98034,Kirkland,WA
97202,Portland,OR
98801,Wenatchee,WA
98125,Seattle,WA
97330,Corvallis,OR
98501,Olympia,WA
97219,Portland,OR
98204,Everett,WA
98374,Puyallup,WA
99362,Walla Walla,WA
97303,Salem,OR
98087,Lynnwood,WA
97236,Portland,OR
98036,Lynnwood,WA
97233,Portland,OR
98503,Lacey,WA
98033,Kirkland,WA
97478,Springfield,OR
97230,Portland,OR
98122,Seattle,WA
98032,Kent,WA
98059,Renton,WA
97756,Redmond,OR
99206,Spokane,WA
97302,Salem,OR
98030,Kent,WA
98277,Oak Harbor,WA
97030,Gresham,OR
98026,Edmonds,WA
97128,Mcminnville,OR
98198,Seattle,WA
98006,Bellevue,WA
98031,Kent,WA
97477,Springfield,OR
98584,Shelton,WA
98604,Battle Ground,WA
98908,Yakima,WA
97222,Portland,OR
97322,Albany,OR
98290,Snohomish,WA
98404,Tacoma,WA
98004,Bellevue,WA
97527,Grants Pass,OR
98203,Everett,WA
97526,Grants Pass,OR
98038,Maple Valley,WA
98513,Olympia,WA
97266,Portland,OR
98056,Renton,WA
98117,Seattle,WA
97224,Portland,OR
97211,Portland,OR
99163,Pullman,WA
98155,Seattle,WA
98502,Olympia,WA
98366,Port Orchard,WA
97203,Portland,OR
98926,Ellensburg,WA
97217,Portland,OR
97404,Eugene,OR
98444,Tacoma,WA
98011,Bothell,WA
98001,Auburn,WA
97267,Portland,OR
98002,Auburn,WA
98168,Seattle,WA
98683,Vancouver,WA
98258,Lake Stevens,WA
98662,Vancouver,WA
97213,Portland,OR
98229,Bellingham,WA
98144,Seattle,WA
97306,Salem,OR
99337,Kennewick,WA
98901,Yakima,WA
98607,Camas,WA
99223,Spokane,WA
98445,Tacoma,WA
98375,Puyallup,WA
99352,Richland,WA
97304,Salem,OR
98499,Lakewood,WA
98021,Bothell,WA
98802,East Wenatchee,WA
98370,Poulsbo,WA
98312,Bremerton,WA
98273,Mount Vernon,WA
97471,Roseburg,OR
98027,Issaquah,WA
97086,Happy Valley,OR
98296,Snohomish,WA
98037,Lynnwood,WA
94903,San Rafael,CA
99207,Spokane,WA
98109,Seattle,WA
98512,Olympia,WA
93654,Reedley,CA
95117,San Jose,CA
97355,Lebanon,OR
95682,Shingle Springs,CA
95824,Sacramento,CA
91731,El Monte,CA
94602,Oakland,CA
92405,San Bernardino,CA
92110,San Diego,CA
95834,Sacramento,CA
98272,Monroe,WA
90302,Inglewood,CA
92653,Laguna Hills,CA
97008,Beaverton,OR
95966,Oroville,CA
98367,Port Orchard,WA
91356,Tarzana,CA
97071,Woodburn,OR
94549,Lafayette,CA
98201,Everett,WA
98685,Vancouver,WA
90028,Los Angeles,CA
93704,Fresno,CA
97132,Newberg,OR
91746,La Puente,CA
91324,Northridge,CA
97220,Portland,OR
91792,West Covina,CA
94704,Berkeley,CA
92081,Vista,CA
97068,West Linn,OR
92694,Ladera Ranch,CA
91803,Alhambra,CA
94585,Suisun City,CA
94131,San Francisco,CA
90039,Los Angeles,CA
95603,Auburn,CA
95212,Stockton,CA
98684,Vancouver,WA
97603,Klamath Falls,OR
93035,Oxnard,CA
95134,San Jose,CA
96150,South Lake Tahoe,CA
98007,Bellevue,WA
95492,Windsor,CA
95219,Stockton,CA
98029,Issaquah,WA
91384,Castaic,CA
98466,Tacoma,WA
96080,Red Bluff,CA
98271,Marysville,WA
90041,Los Angeles,CA
92604,Irvine,CA
97502,Central Point,OR
93314,Bakersfield,CA
98382,Sequim,WA
93401,San Luis Obispo,CA
98338,Graham,WA
98074,Sammamish,WA
98498,Lakewood,WA
94518,Concord,CA
92316,Bloomington,CA
97062,Tualatin,OR
95204,Stockton,CA
92262,Palm Springs,CA
90038,Los Angeles,CA
95133,San Jose,CA
93105,Santa Barbara,CA
95961,Olivehurst,CA
94062,Redwood City,CA
94510,Benicia,CA
95829,Sacramento,CA
90713,Lakewood,CA
93901,Salinas,CA
90405,Santa Monica,CA
93280,Wasco,CA
95370,Sonora,CA
90710,Harbor City,CA
91364,Woodland Hills,CA
98311,Bremerton,WA
97420,Coos Bay,OR
95363,Patterson,CA
90061,Los Angeles,CA
94598,Walnut Creek,CA
98146,Seattle,WA
90017,Los Angeles,CA
91103,Pasadena,CA
94559,Napa,CA
98107,Seattle,WA
95618,Davis,CA
94306,Palo Alto,CA
98116,Seattle,WA
98178,Seattle,WA
90270,Maywood,CA
97116,Forest Grove,OR
90035,Los Angeles,CA
91945,Lemon Grove,CA
93725,Fresno,CA
92227,Brawley,CA
92614,Irvine,CA
95409,Santa Rosa,CA
94002,Belmont,CA
92008,Carlsbad,CA
98284,Sedro Woolley,WA
90746,Carson,CA
92868,Orange,CA
97321,Albany,OR
97035,Lake Oswego,OR
91042,Tujunga,CA
93960,Soledad,CA
90291,Venice,CA
92629,Dana Point,CA
97214,Portland,OR
92860,Norco,CA
94607,Oakland,CA
91755,Monterey Park,CA
94133,San Francisco,CA
91741,Glendora,CA
91504,Burbank,CA
91724,Covina,CA
91302,Calabasas,CA
97212,Portland,OR
98665,Vancouver,WA
91932,Imperial Beach,CA
90249,Gardena,CA
98372,Puyallup,WA
90240,Downey,CA
95242,Lodi,CA
91010,Duarte,CA
98373,Puyallup,WA
91307,West Hills,CA
91301,Agoura Hills,CA
97005,Beaverton,OR
98119,Seattle,WA
97140,Sherwood,OR
92284,Yucca Valley,CA
92606,Irvine,CA
97838,Hermiston,OR
94530,El Cerrito,CA
91411,Van Nuys,CA
97225,Portland,OR
91784,Upland,CA
95032,Los Gatos,CA
98531,Centralia,WA
98102,Seattle,WA
95503,Eureka,CA
90304,Inglewood,CA
98106,Seattle,WA
90064,Los Angeles,CA
92532,Lake Elsinore,CA
98409,Tacoma,WA
94803,El Sobrante,CA
94123,San Francisco,CA
91740,Glendora,CA
94947,Novato,CA
92832,Fullerton,CA
98516,Olympia,WA
98008,Bellevue,WA
94402,San Mateo,CA
98040,Mercer Island,WA
95815,Sacramento,CA
92411,San Bernardino,CA
91030,South Pasadena,CA
98335,Gig Harbor,WA
94547,Hercules,CA
90602,Whittier,CA
91106,Pasadena,CA
95677,Rocklin,CA
98112,Seattle,WA
93933,Marina,CA
97317,Salem,OR
98248,Ferndale,WA
95945,Grass Valley,CA
99216,Spokane,WA
94506,Danville,CA
95003,Aptos,CA
97520,Ashland,OR
98188,Seattle,WA
91403,Sherman Oaks,CA
91737,Rancho Cucamonga,CA
97070,Wilsonville,OR
95367,Riverbank,CA
90274,Palos Verdes Peninsula,CA
92211,Palm Desert,CA
91775,San Gabriel,CA
95354,Modesto,CA
92119,San Diego,CA
92651,Laguna Beach,CA
98626,Kelso,WA
95054,Santa Clara,CA
98110,Bainbridge Island,WA
90303,Inglewood,CA
98055,Renton,WA
95215,Stockton,CA
90740,Seal Beach,CA
98520,Aberdeen,WA
93041,Port Hueneme,CA
92011,Carlsbad,CA
97013,Canby,OR
94619,Oakland,CA
98532,Chehalis,WA
98362,Port Angeles,WA
98075,Sammamish,WA
98597,Yelm,WA
92251,Imperial,CA
98072,Woodinville,WA
95746,Granite Bay,CA
95776,Woodland,CA
90403,Santa Monica,CA
99354,Richland,WA
95531,Crescent City,CA
94609,Oakland,CA
94024,Los Altos,CA
98126,Seattle,WA
98108,Seattle,WA
97015,Clackamas,OR
98405,Tacoma,WA
98944,Sunnyside,WA
95969,Paradise,CA
90292,Marina Del Rey,CA
92835,Fullerton,CA
98664,Vancouver,WA
93212,Corcoran,CA
98406,Tacoma,WA
95864,Sacramento,CA
92344,Hesperia,CA
91202,Glendale,CA
95501,Eureka,CA
97333,Corvallis,OR
93907,Salinas,CA
91201,Glendale,CA
92602,Irvine,CA
96007,Anderson,CA
94085,Sunnyvale,CA
92844,Garden Grove,CA
92277,Twentynine Palms,CA
94597,Walnut Creek,CA
92782,Tustin,CA
98671,Washougal,WA
90404,Santa Monica,CA
94089,Sunnyvale,CA
90732,San Pedro,CA
95330,Lathrop,CA
98028,Kenmore,WA
97601,Klamath Falls,OR
93610,Chowchilla,CA
98199,Seattle,WA
93203,Arvin,CA
90015,Los Angeles,CA
94030,Millbrae,CA
92118,Coronado,CA
97060,Troutdale,OR
92225,Blythe,CA
92108,San Diego,CA
90720,Los Alamitos,CA
98292,Stanwood,WA
93263,Shafter,CA
92354,Loma Linda,CA
95135,San Jose,CA
98053,Redmond,WA
95620,Dixon,CA
92663,Newport Beach,CA
98383,Silverdale,WA
92585,Menifee,CA
94579,San Leandro,CA
97338,Dallas,OR
98371,Puyallup,WA
93560,Rosamond,CA
94596,Walnut Creek,CA
98221,Anacortes,WA
94703,Berkeley,CA
99224,Spokane,WA
90272,Pacific Palisades,CA
95818,Sacramento,CA
92501,Riverside,CA
90603,Whittier,CA
90717,Lomita,CA
98422,Tacoma,WA
90048,Los Angeles,CA
98166,Seattle,WA
98407,Tacoma,WA
91101,Pasadena,CA
98275,Mukilteo,WA
93444,Nipomo,CA
95841,Sacramento,CA
94706,Albany,CA
98022,Enumclaw,WA
98043,Mountlake Terrace,WA
99203,Spokane,WA
94127,San Francisco,CA
98408,Tacoma,WA
90068,Los Angeles,CA
95405,Santa Rosa,CA
95521,Arcata,CA
95949,Grass Valley,CA
99202,Spokane,WA
98264,Lynden,WA
99004,Cheney,WA
93630,Kerman,CA
98177,Seattle,WA
95138,San Jose,CA
95827,Sacramento,CA
92865,Orange,CA
97058,The Dalles,OR
98310,Bremerton,WA
97801,Pendleton,OR
93103,Santa Barbara,CA
94019,Half Moon Bay,CA
91501,Burbank,CA
98686,Vancouver,WA
95965,Oroville,CA
99403,Clarkston,WA
92808,Anaheim,CA
92377,Rialto,CA
99212,Spokane,WA
91011,La Canada Flintridge,CA
94503,American Canyon,CA
97754,Prineville,OR
91361,Westlake Village,CA
90715,Lakewood,CA
90069,West Hollywood,CA
92106,San Diego,CA
95391,Tracy,CA
96130,Susanville,CA
92264,Palm Springs,CA
91040,Sunland,CA
94519,Concord,CA
92887,Yorba Linda,CA
98642,Ridgefield,WA
95110,San Jose,CA
93023,Ojai,CA
97470,Roseburg,OR
95519,Mckinleyville,CA
98433,Tacoma,WA
90814,Long Beach,CA
91602,North Hollywood,CA
94563,Orinda,CA
92603,Irvine,CA
90254,Hermosa Beach,CA
98121,Seattle,WA
92586,Menifee,CA
98020,Edmonds,WA
94022,Los Altos,CA
97914,Ontario,OR
91381,Stevenson Ranch,CA
92029,Escondido,CA
90210,Beverly Hills,CA
94564,Pinole,CA
98005,Bellevue,WA
91390,Santa Clarita,CA
91345,Mission Hills,CA
94945,Novato,CA
97209,Portland,OR
97215,Portland,OR
97055,Sandy,OR
97031,Hood River,OR
91902,Bonita,CA
93927,Greenfield,CA
93268,Taft,CA
91204,Glendale,CA
92082,Valley Center,CA
94949,Novato,CA
97034,Lake Oswego,OR
98332,Gig Harbor,WA
91506,Burbank,CA
91723,Covina,CA
96161,Truckee,CA
95959,Nevada City,CA
93210,Coalinga,CA
92371,Phelan,CA
93247,Lindsay,CA
92270,Rancho Mirage,CA
97239,Portland,OR
91901,Alpine,CA
94595,Walnut Creek,CA
97201,Portland,OR
93015,Fillmore,CA
90265,Malibu,CA
95366,Ripon,CA
97424,Cottage Grove,OR
90502,Torrance,CA
98274,Mount Vernon,WA
99344,Othello,WA
97103,Astoria,OR
98230,Blaine,WA
95602,Auburn,CA
99217,Spokane,WA
98942,Selah,WA
95448,Healdsburg,CA
91914,Chula Vista,CA
93111,Santa Barbara,CA
97850,La Grande,OR
94618,Oakland,CA
92587,Menifee,CA
92582,San Jacinto,CA
95816,Sacramento,CA
92617,Irvine,CA
93930,King City,CA
98506,Olympia,WA
95334,Livingston,CA
98282,Camano Island,WA
98136,Seattle,WA
97051,Saint Helens,OR
97216,Portland,OR
99218,Spokane,WA
94702,Berkeley,CA
93110,Santa Barbara,CA
90701,Artesia,CA
90245,El Segundo,CA
90670,Santa Fe Springs,CA
93013,Carpinteria,CA
95673,Rio Linda,CA
94301,Palo Alto,CA
93728,Fresno,CA
93402,Los Osos,CA
99338,Kennewick,WA
94556,Moraga,CA
93241,Lamont,CA
94305,Stanford,CA
94505,Discovery Bay,CA
98233,Burlington,WA
92610,Foothill Ranch,CA
92010,Carlsbad,CA
93631,Kingsburg,CA
92845,Garden Grove,CA
95252,Valley Springs,CA
96022,Cottonwood,CA
93250,McFarland,CA
97381,Silverton,OR
99353,West Richland,WA
93648,Parlier,CA
92637,Laguna Woods,CA
96021,Corning,CA
98065,Snoqualmie,WA
98368,Port Townsend,WA
94960,San Anselmo,CA
91208,Glendale,CA
99016,Greenacres,WA
98321,Buckley,WA
94612,Oakland,CA
95422,Clearlake,CA
97038,Molalla,OR
90623,La Palma,CA
98930,Grandview,WA
92866,Orange,CA
93950,Pacific Grove,CA
95963,Orland,CA
95203,Stockton,CA
98467,University Place,WA
91203,Glendale,CA
95066,Scotts Valley,CA
98045,North Bend,WA
92274,Thermal,CA
91436,Encino,CA
97218,Portland,OR
94507,Alamo,CA
90305,Inglewood,CA
97524,Eagle Point,OR
94552,Castro Valley,CA
97113,Cornelius,OR
95650,Loomis,CA
90232,Culver City,CA
97439,Florence,OR
94502,Alameda,CA
94542,Hayward,CA
97386,Sweet Home,OR
95130,San Jose,CA
99037,Veradale,WA
94041,Mountain View,CA
98104,Seattle,WA
95315,Delhi,CA
95605,West Sacramento,CA
98663,Vancouver,WA
93543,Littlerock,CA
90716,Hawaiian Gardens,CA
95304,Tracy,CA
98363,Port Angeles,WA
95540,Fortuna,CA
94805,Richmond,CA
97415,Brookings,OR
93514,Bishop,CA
94108,San Francisco,CA
93221,Exeter,CA
95388,Winton,CA
98903,Yakima,WA
95368,Salida,CA
97141,Tillamook,OR
93723,Fresno,CA
91377,Oak Park,CA
93505,California City,CA
97089,Damascus,OR
95817,Sacramento,CA
98360,Orting,WA
97232,Portland,OR
94517,Clayton,CA
97459,North Bend,OR
92408,San Bernardino,CA
98579,Rochester,WA
92014,Del Mar,CA
93433,Grover Beach,CA
94705,Berkeley,CA
98101,Seattle,WA
99350,Prosser,WA
95030,Los Gatos,CA
98077,Woodinville,WA
97403,Eugene,OR
91108,San Marino,CA
97408,Eugene,OR
90212,Beverly Hills,CA
95360,Newman,CA
93636,Madera,CA
98948,Toppenish,WA
97448,Junction City,OR
94904,Greenbrae,CA
95490,Willits,CA
93204,Avenal,CA
93640,Mendota,CA
98674,Woodland,WA
99201,Spokane,WA
99114,Colville,WA
93923,Carmel,CA
98057,Renton,WA
95320,Escalon,CA
97503,White City,OR
99006,Deer Park,WA
93730,Fresno,CA
92075,Solana Beach,CA
94920,Belvedere Tiburon,CA
90293,Playa Del Rey,CA
98951,Wapato,WA
91105,Pasadena,CA
97741,Madras,OR
97739,La Pine,OR
98660,Vancouver,WA
90013,Los Angeles,CA
92313,Grand Terrace,CA
97027,Gladstone,OR
95742,Rancho Cordova,CA
97221,Portland,OR
94065,Redwood City,CA
93908,Salinas,CA
92625,Corona Del Mar,CA
95954,Magalia,CA
97814,Baker City,OR
90040,Los Angeles,CA
93301,Bakersfield,CA
98848,Quincy,WA
97361,Monmouth,OR
99019,Liberty Lake,WA
98148,Seattle,WA
95832,Sacramento,CA
93614,Coarsegold,CA
94709,Berkeley,CA
97862,Milton Freewater,OR
98019,Duvall,WA
95948,Gridley,CA
95814,Sacramento,CA
90402,Santa Monica,CA
97210,Portland,OR
94707,Berkeley,CA
95357,Modesto,CA
92055,Camp Pendleton,CA
93646,Orange Cove,CA
97056,Scappoose,OR
90248,Gardena,CA
95451,Kelseyville,CA
95640,Ione,CA
90755,Signal Hill,CA
98424,Fife,WA
98329,Gig Harbor,WA
98528,Belfair,WA
98580,Roy,WA
92007,Cardiff By The Sea,CA
93647,Orosi,CA
98446,Tacoma,WA
94708,Berkeley,CA
94965,Sausalito,CA
92314,Big Bear City,CA
95453,Lakeport,CA
97365,Newport,OR
98550,Hoquiam,WA
98823,Ephrata,WA
97351,Independence,OR
91207,Glendale,CA
95073,Soquel,CA
95425,Cloverdale,CA
98390,Sumner,WA
91024,Sierra Madre,CA
95953,Live Oak,CA
93442,Morro Bay,CA
94105,San Francisco,CA
95338,Mariposa,CA
95012,Castroville,CA
93109,Santa Barbara,CA
98328,Eatonville,WA
93223,Farmersville,CA
91502,Burbank,CA
97138,Seaside,OR
92567,Nuevo,CA
94571,Rio Vista,CA
95386,Waterford,CA
91978,Spring Valley,CA
95694,Winters,CA
95064,Santa Cruz,CA
95713,Colfax,CA
98541,Elma,WA
93108,Santa Barbara,CA
94572,Rodeo,CA
95322,Gustine,CA
97024,Fairview,OR
93622,Firebaugh,CA
98070,Vashon,WA
97457,Myrtle Creek,OR
93219,Earlimart,CA
96019,Shasta Lake,CA
93701,Fresno,CA
95326,Hughson,CA
97426,Creswell,OR
97383,Stayton,OR
95119,San Jose,CA
99021,Mead,WA
97023,Estacada,OR
98346,Kingston,WA
99320,Benton City,WA
93286,Woodlake,CA
92310,Fort Irwin,CA
94925,Corte Madera,CA
90094,Playa Vista,CA
92657,Newport Coast,CA
98247,Everson,WA
92254,Mecca,CA
96097,Yreka,CA
97367,Lincoln City,OR
99324,College Place,WA
97479,Sutherlin,OR
98252,Granite Falls,WA
95006,Boulder Creek,CA
93546,Mammoth Lakes,CA
95033,Los Gatos,CA
98327,Dupont,WA
98611,Castle Rock,WA
92252,Joshua Tree,CA
98418,Tacoma,WA
98841,Omak,WA
99349,Mattawa,WA
93465,Templeton,CA
93926,Gonzales,CA
92359,Mentone,CA
98629,La Center,WA
97487,Veneta,OR
93644,Oakhurst,CA
98606,Brush Prairie,WA
95946,Penn Valley,CA
99005,Colbert,WA
94931,Cotati,CA
93620,Dos Palos,CA
95010,Capitola,CA
99022,Medical Lake,WA
94574,Saint Helena,CA
92320,Calimesa,CA
94930,Fairfax,CA
97370,Philomath,OR
90014,Los Angeles,CA
92250,Holtville,CA
91020,Montrose,CA
99156,Newport,WA
97009,Boring,OR
91935,Jamul,CA
99026,Nine Mile Falls,WA
95065,Santa Cruz,CA
97540,Talent,OR
94158,San Francisco,CA
95726,Pollock Pines,CA
97378,Sheridan,OR
92655,Midway City,CA
90077,Los Angeles,CA
95324,Hilmar,CA
95988,Willows,CA
93449,Pismo Beach,CA
98403,Tacoma,WA
98250,Friday Harbor,WA
93625,Fowler,CA
90211,Beverly Hills,CA
97882,Umatilla,OR
92325,Crestline,CA
95327,Jamestown,CA
93463,Solvang,CA
97759,Sisters,OR
98563,Montesano,WA
94710,Berkeley,CA
92249,Heber,CA
92548,Homeland,CA
98596,Winlock,WA
97048,Rainier,OR
97496,Winston,OR
92067,Rancho Santa Fe,CA
92241,Desert Hot Springs,CA
98620,Goldendale,WA
95005,Ben Lomond,CA
98589,Tenino,WA
93721,Fresno,CA
90056,Los Angeles,CA
93510,Acton,CA
95932,Colusa,CA
98815,Cashmere,WA
95220,Acampo,CA
98826,Leavenworth,WA
92233,Calipatria,CA
94515,Calistoga,CA
97537,Rogue River,OR
97205,Portland,OR
93434,Guadalupe,CA
94027,Atherton,CA
95019,Freedom,CA
95139,San Jose,CA
93234,Huron,CA
97411,Bandon,OR
98577,Raymond,WA
98354,Milton,WA
98239,Coupeville,WA
93022,Oak View,CA
98337,Bremerton,WA
98675,Yacolt,WA
98294,Sultan,WA
94028,Portola Valley,CA
98047,Pacific,WA
90401,Santa Monica,CA
93445,Oceano,CA
95642,Jackson,CA
96067,Mount Shasta,CA
98953,Zillah,WA
99001,Airway Heights,WA
95693,Wilton,CA
95316,Denair,CA
97392,Turner,OR
97325,Aumsville,OR
98465,Tacoma,WA
97530,Jacksonville,OR
98024,Fall City,WA
98672,White Salmon,WA
97760,Terrebonne,OR
95631,Foresthill,CA
95018,Felton,CA
95658,Newcastle,CA
93267,Strathmore,CA
98014,Carnation,WA
98936,Moxee,WA
92276,Thousand Palms,CA
94939,Larkspur,CA
93591,Palmdale,CA
92342,Helendale,CA
98625,Kalama,WA
97146,Warrenton,OR
97423,Coquille,OR
97002,Aurora,OR
98388,Steilacoom,WA
96094,Weed,CA
98922,Cle Elum,WA
92356,Lucerne Valley,CA
99204,Spokane,WA
97352,Jefferson,OR
93924,Carmel Valley,CA
98315,Silverdale,WA
98331,Forks,WA
99326,Connell,WA
99027,Otis Orchards,WA
92624,Capistrano Beach,CA
93615,Cutler,CA
93240,Lake Isabella,CA
95683,Sloughhouse,CA
98569,Ocean Shores,WA
95811,Sacramento,CA
95436,Forestville,CA
97016,Clatskanie,OR
98402,Tacoma,WA
93427,Buellton,CA
97707,Bend,OR
97446,Harrisburg,OR
92372,Pinon Hills,CA
95202,Stockton,CA
95626,Elverta,CA
98855,Tonasket,WA
97391,Toledo,OR
98816,Chelan,WA
98236,Clinton,WA
95987,Williams,CA
95971,Quincy,CA
95046,San Martin,CA
93428,Cambria,CA
92861,Villa Park,CA
93656,Riverdale,CA
95619,Diamond Springs,CA
98260,Langley,WA
90290,Topanga,CA
97444,Gold Beach,OR
98010,Black Diamond,WA
92352,Lake Arrowhead,CA
98443,Tacoma,WA
95470,Redwood Valley,CA
95467,Hidden Valley Lake,CA
95709,Camino,CA
98439,Lakewood,WA
97523,Cave Junction,OR
95249,San Andreas,CA
98932,Granger,WA
99025,Newman Lake,WA
93256,Pixley,CA
97535,Phoenix,OR
99141,Kettle Falls,WA
95912,Arbuckle,CA
93270,Terra Bella,CA
92363,Needles,CA
93460,Santa Ynez,CA
95672,Rescue,CA
96101,Alturas,CA
95692,Wheatland,CA
92315,Big Bear Lake,CA
97394,Waldport,OR
93609,Caruthers,CA
95446,Guerneville,CA
95231,French Camp,CA
95666,Pioneer,CA
92003,Bonsall,CA
92590,Temecula,CA
98812,Brewster,WA
97227,Portland,OR
92210,Indian Wells,CA
95722,Meadow Vista,CA
99109,Chewelah,WA
97114,Dayton,OR
98576,Rainier,WA
97032,Hubbard,OR
98359,Olalla,WA
98365,Port Ludlow,WA
95222,Angels Camp,CA
97467,Reedsport,OR
97630,Lakeview,OR
97106,Banks,OR
92278,Twentynine Palms,CA
97913,Nyssa,OR
98851,Soap Lake,WA
92823,Brea,CA
98840,Okanogan,WA
96013,Burney,CA
93501,Mojave,CA
93225,Frazier Park,CA
95365,Planada,CA
97133,North Plains,OR
92121,San Diego,CA
93272,Tipton,CA
94005,Brisbane,CA
96088,Shingletown,CA
95685,Sutter Creek,CA
98349,Lakebay,WA
98640,Ocean Park,WA
94951,Penngrove,CA
92397,Wrightwood,CA
92539,Anza,CA
95228,Copperopolis,CA
96064,Montague,CA
97119,Gaston,OR
97374,Scio,OR
98524,Allyn,WA
95328,Keyes,CA
93451,San Miguel,CA
97026,Gervais,OR
92382,Running Springs,CA
98051,Ravensdale,WA
95938,Durham,CA
97720,Burns,OR
91906,Campo,CA
99003,Chattaroy,WA
98237,Concrete,WA
98249,Freeland,WA
98232,Bow,WA
97458,Myrtle Point,OR
95614,Cool,CA
97525,Gold Hill,OR
95665,Pine Grove,CA
97148,Yamhill,OR
97362,Mount Angel,OR
97101,Amity,OR
93202,Armona,CA
98844,Oroville,WA
97818,Boardman,OR
97004,Beavercreek,OR
99111,Colfax,WA
97918,Vale,OR
95004,Aromas,CA
95045,San Juan Bautista,CA
93235,Ivanhoe,CA
98257,La Conner,WA
95236,Linden,CA
95633,Garden Valley,CA
99357,Royal City,WA
97761,Warm Springs,OR
98570,Onalaska,WA
98266,Maple Falls,WA
95655,Mather,CA
97127,Lafayette,OR
94129,San Francisco,CA
97844,Irrigon,OR
99122,Davenport,WA
98251,Gold Bar,WA
99009,Elk,WA
93660,San Joaquin,CA
98380,Seabeck,WA
98935,Mabton,WA
98937,Naches,WA
93953,Pebble Beach,CA
95247,Murphys,CA
91708,Chino,CA
97115,Dundee,OR
95379,Tuolumne,CA
96073,Palo Cedro,CA
90704,Avalon,CA
97231,Portland,OR
94508,Angwin,CA
98333,Fox Island,WA
93675,Squaw Valley,CA
99323,Burbank,WA
97463,Oakridge,OR
96055,Los Molinos,CA
95053,Santa Clara,CA
94304,Palo Alto,CA
94535,Travis Afb,CA
98245,Eastsound,WA
90010,Los Angeles,CA
95627,Esparto,CA
90089,Los Angeles,CA
95423,Clearlake Oaks,CA
92140,San Diego,CA
97462,Oakland,OR
95917,Biggs,CA
99328,Dayton,WA
98601,Amboy,WA
98947,Tieton,WA
95623,El Dorado,CA
95237,Lockeford,CA
96035,Gerber,CA
99343,Mesa,WA
94111,San Francisco,CA
95383,Twain Harte,CA
95258,Woodbridge,CA
98857,Warden,WA
96143,Kings Beach,CA
97624,Chiloquin,OR
97111,Carlton,OR
96093,Weaverville,CA
95634,Georgetown,CA
93523,Edwards,CA
95321,Groveland,CA
93602,Auberry,CA
93242,Laton,CA
95546,Hoopa,CA
94038,Moss Beach,CA
92661,Newport Beach,CA
97734,Culver,OR
97017,Colton,OR
95562,Rio Dell,CA
93437,Lompoc,CA
97022,Eagle Creek,OR
97327,Brownsville,OR
97396,Willamina,OR
93265,Springville,CA
98591,Toledo,WA
98610,Carson,WA
99011,Fairchild Air Force Base,WA
97368,Otis,OR
93921,Carmel By The Sea,CA
97539,Shady Cove,OR
98557,Mccleary,WA
94525,Crockett,CA
98546,Grapeview,WA
98039,Medina,WA
96114,Janesville,CA
96122,Portola,CA
95982,Sutter,CA
91330,Northridge,CA
98631,Long Beach,WA
96137,Westwood,CA
97053,Warren,OR
98648,Stevenson,WA
95457,Lower Lake,CA
93066,Somis,CA
95442,Glen Ellen,CA
98831,Manson,WA
98392,Suquamish,WA
97455,Pleasant Hill,OR
93650,Fresno,CA
97019,Corbett,OR
97064,Vernonia,OR
97828,Enterprise,OR
94964,San Quentin,CA
97385,Sublimity,OR
98240,Custer,WA
99166,Republic,WA
95684,Somerset,CA
97875,Stanfield,OR
94599,Yountville,CA
92256,Morongo Valley,CA
92536,Aguanga,CA
98339,Port Hadlock,WA
94130,San Francisco,CA
98612,Cathlamet,WA
97041,Mount Hood Parkdale,OR
98314,Bremerton,WA
97042,Mulino,OR
95458,Lucerne,CA
90021,Los Angeles,CA
97437,Elmira,OR
96041,Hayfork,CA
95918,Browns Valley,CA
95536,Ferndale,CA
98340,Hansville,WA
97331,Corvallis,OR
93430,Cayucos,CA
94720,Berkeley,CA
98813,Bridgeport,WA
97845,John Day,OR
97456,Monroe,OR
98261,Lopez Island,WA
93643,North Fork,CA
98938,Outlook,WA
97131,Nehalem,OR
92365,Newberry Springs,CA
97469,Riddle,OR
98244,Deming,WA
90058,Los Angeles,CA
92230,Cabazon,CA
95951,Hamilton City,CA
93532,Lake Hughes,CA
97341,Depoe Bay,OR
95223,Arnold,CA
92061,Pauma Valley,CA
96032,Fort Jones,CA
95485,Upper Lake,CA
92275,Salton City,CA
97544,Williams,OR
92036,Julian,CA
92281,Westmorland,CA
97380,Siletz,OR
93616,Del Rey,CA
95428,Covelo,CA
93453,Santa Margarita,CA
95329,La Grange,CA
97753,Powell Butte,OR
95461,Middletown,CA
97623,Bonanza,OR
97532,Merlin,OR
98856,Twisp,WA
98295,Sumas,WA
95333,Le Grand,CA
97883,Union,OR
92662,Newport Beach,CA
92549,Idyllwild,CA
98595,Westport,WA
95460,Mendocino,CA
95464,Nice,CA
94037,Montara,CA
99169,Ritzville,WA
95663,Penryn,CA
93252,Maricopa,CA
97358,Lyons,OR
93271,Three Rivers,CA
93285,Wofford Heights,CA
98828,Malaga,WA
98568,Oakville,WA
98862,Winthrop,WA
97360,Mill City,OR
98847,Peshastin,WA
93261,Richgrove,CA
92285,Landers,CA
90067,Los Angeles,CA
93626,Friant,CA
97417,Canyonville,OR
97827,Elgin,OR
93667,Tollhouse,CA
96020,Chester,CA
95002,Alviso,CA
97431,Dexter,OR
95570,Trinidad,CA
96027,Etna,CA
95669,Plymouth,CA
92004,Borrego Springs,CA
93283,Weldon,CA
92401,San Bernardino,CA
95445,Gualala,CA
92386,Sugarloaf,CA
93516,Boron,CA
95465,Occidental,CA
99347,Pomeroy,WA
98952,White Swan,WA
95690,Walnut Grove,CA
98564,Mossyrock,WA
92398,Yermo,CA
98278,Oak Harbor,WA
97449,Lakeside,OR
94511,Bethel Island,CA
98548,Hoodsport,WA
98537,Cosmopolis,WA
96145,Tahoe City,CA
97443,Glide,OR
97435,Drain,OR
95638,Herald,CA
96025,Dunsmuir,CA
95113,San Jose,CA
95454,Laytonville,CA
91962,Pine Valley,CA
93925,Chualar,CA
92676,Silverado,CA
96134,Tulelake,CA
95372,Soulsbyville,CA
98376,Quilcene,WA
97442,Glendale,OR
93205,Bodfish,CA
97465,Port Orford,OR
98356,Morton,WA
92273,Seeley,CA
92391,Twin Peaks,CA
93258,Porterville,CA
97836,Heppner,OR
91916,Descanso,CA
98858,Waterville,WA
99148,Loon Lake,WA
96113,Herlong,CA
98241,Darrington,WA
95469,Potter Valley,CA
97347,Grand Ronde,OR
95311,Coulterville,CA
92145,San Diego,CA
95645,Knights Landing,CA
97846,Joseph,OR
95975,Rough And Ready,CA
93249,Lost Hills,CA
95310,Columbia,CA
95542,Garberville,CA
97112,Cloverdale,OR
97389,Tangent,OR
99361,Waitsburg,WA
98822,Entiat,WA
98843,Orondo,WA
98592,Union,WA
99110,Clayton,WA
97499,Yoncalla,OR
90263,Malibu,CA
97107,Bay City,OR
93040,Piru,CA
93545,Lone Pine,CA
99013,Ford,WA
95421,Cazadero,CA
95567,Smith River,CA
93651,Prather,CA
95441,Geyserville,CA
98253,Greenbank,WA
97018,Columbia City,OR
98377,Randle,WA
97868,Pilot Rock,OR
96118,Loyalton,CA
97824,Cove,OR
97366,South Beach,OR
97738,Hines,OR
93562,Trona,CA
99133,Grand Coulee,WA
95319,Empire,CA
97067,Welches,OR
99181,Valley,WA
97452,Lowell,OR
95245,Mokelumne Hill,CA
93553,Pearblossom,CA
93206,Buttonwillow,CA
95689,Volcano,CA
94020,La Honda,CA
99036,Valleyford,WA
98207,Everett,WA
92283,Winterhaven,CA
95374,Stevinson,CA
93601,Ahwahnee,CA
99173,Springdale,WA
97495,Winchester,OR
97498,Yachats,OR
95524,Bayside,CA
98850,Rock Island,WA
93440,Los Alamos,CA
95947,Greenville,CA
95903,Beale Afb,CA
97049,Rhododendron,OR
98624,Ilwaco,WA
95211,Stockton,CA
97040,Mosier,OR
98635,Lyle,WA
93513,Big Pine,CA
95560,Redway,CA
95664,Pilot Hill,CA
97136,Rockaway Beach,OR
99360,Touchet,WA
98588,Tahuya,WA
93222,Pine Mountain Club,CA
93201,Alpaugh,CA
96052,Lewiston,CA
97348,Halsey,OR
97632,Malin,OR
98586,South Bend,WA
95573,Willow Creek,CA
93426,Bradley,CA
98357,Neah Bay,WA
95449,Hopland,CA
93527,Inyokern,CA
97541,Trail,OR
98421,Tacoma,WA
93920,Big Sur,CA
92086,Warner Springs,CA
97054,Deer Island,OR
95937,Dunnigan,CA
93243,Lebec,CA
96056,Mcarthur,CA
99159,Odessa,WA
99116,Coulee Dam,WA
97497,Wolf Creek,OR
93432,Creston,CA
97344,Falls City,OR
98645,Silverlake,WA
95641,Isleton,CA
95977,Smartsville,CA
98547,Grayland,WA
97375,Scotts Mills,OR
94514,Byron,CA
98325,Chimacum,WA
91905,Boulevard,CA
97454,Marcola,OR
98394,Vaughn,WA
92059,Pala,CA
97538,Selma,OR
92561,Mountain Center,CA
95528,Carlotta,CA
96107,Coleville,CA
99101,Addy,WA
95389,Yosemite National Park,CA
95551,Loleta,CA
98617,Dallesport,WA
99031,Spangle,WA
99348,Prescott,WA
97121,Hammond,OR
95525,Blue Lake,CA
96103,Blairsden Graeagle,CA
97813,Athena,OR
99161,Palouse,WA
95415,Boonville,CA
97014,Cascade Locks,OR
95955,Maxwell,CA
97137,Saint Paul,OR
93653,Raymond,CA
92282,Whitewater,CA
98638,Naselle,WA
96028,Fall River Mills,CA
95916,Berry Creek,CA
96051,Lakehead,CA
95426,Cobb,CA
93461,Shandon,CA
97416,Camas Valley,OR
99126,Evans,WA
93266,Stratford,CA
98351,Longbranch,WA
99402,Asotin,WA
95962,Oregon House,CA
98342,Indianola,WA
97324,Alsea,OR
95612,Clarksburg,CA
98849,Riverside,WA
92091,Rancho Santa Fe,CA
92242,Earp,CA
95313,Crows Landing,CA
99180,Usk,WA
99139,Ione,WA
95323,Hickman,CA
97885,Wallowa,OR
95255,West Point,CA
92257,Niland,CA
95468,Point Arena,CA
93608,Cantua Creek,CA
98320,Brinnon,WA
97466,Powers,OR
97633,Merrill,OR
95686,Thornton,CA
98593,Vader,WA
97886,Weston,OR
98846,Pateros,WA
97376,Seal Rock,OR
99185,Wilbur,WA
95346,Mi Wuk Village,CA
95548,Klamath,CA
95681,Sheridan,CA
93239,Kettleman City,CA
96057,Mccloud,CA
95968,Palermo,CA
94973,Woodacre,CA
94957,Ross,CA
93668,Tranquillity,CA
97488,Vida,OR
99119,Cusick,WA
98923,Cowiche,WA
97326,Blodgett,OR
95317,El Nido,CA
97641,Christmas Valley,OR
95636,Grizzly Flats,CA
96008,Bella Vista,CA
96023,Dorris,CA
91963,Potrero,CA
98303,Anderson Island,WA
94575,Moraga,CA
98603,Ariel,WA
98934,Kittitas,WA
97110,Cannon Beach,OR
93544,Llano,CA
99171,Saint John,WA
95246,Mountain Ranch,CA
94956,Point Reyes Station,CA
96146,Olympic Valley,CA
97826,Echo,OR
98605,Bingen,WA
99138,Inchelium,WA
95497,The Sea Ranch,CA
94924,Bolinas,CA
95462,Monte Rio,CA
98281,Point Roberts,WA
95303,Ballico,CA
99008,Edwall,WA
97810,Adams,OR
97865,Mount Vernon,OR
91008,Duarte,CA
97438,Fall Creek,OR
92339,Forest Falls,CA
94922,Bodega,CA
95039,Moss Landing,CA
97419,Cheshire,OR
99330,Eltopia,WA
98304,Ashford,WA
95547,Hydesville,CA
99115,Coulee City,WA
95635,Greenwood,CA
98836,Monitor,WA
98933,Harrah,WA
92321,Cedar Glen,CA
96062,Millville,CA
97204,Portland,OR
93606,Biola,CA
95254,Wallace,CA
97536,Prospect,OR
95369,Snelling,CA
92518,March Air Reserve Base,CA
92368,Oro Grande,CA
98943,South Cle Elum,WA
97021,Dufur,OR
99155,Nespelem,WA
95410,Albion,CA
99170,Rosalia,WA
97346,Gates,OR
91917,Dulzura,CA
98639,North Bonneville,WA
99030,Rockford,WA
95466,Philo,CA
97037,Maupin,OR
95919,Brownsville,CA
97377,Shedd,OR
96044,Hornbrook,CA
95589,Whitethorn,CA
98416,Tacoma,WA
97876,Summerville,OR
97434,Dorena,OR
90073,Los Angeles,CA
96140,Carnelian Bay,CA
94592,Vallejo,CA
98650,Trout Lake,WA
97413,Blue River,OR
98649,Toutle,WA
95629,Fiddletown,CA
98565,Napavine,WA
95942,Forest Ranch,CA
95659,Nicolaus,CA
97869,Prairie City,OR
95549,Kneeland,CA
99130,Garfield,WA
99029,Reardan,WA
97534,O'Brien,OR
94060,Pescadero,CA
96120,Markleeville,CA
93441,Los Olivos,CA
97823,Condon,OR
94938,Lagunitas,CA
95452,Kenwood,CA
99123,Electric City,WA
97020,Donald,OR
95701,Alta,CA
97812,Arlington,OR
96039,Happy Camp,CA
97834,Halfway,OR
98262,Lummi Island,WA
97063,Tygh Valley,OR
97820,Canyon City,OR
99012,Fairfield,WA
96142,Tahoma,CA
95957,Meridian,CA
95943,Glenn,CA
93218,Ducor,CA
93624,Five Points,CA
93666,Sultana,CA
94613,Oakland,CA
93928,Jolon,CA
96047,Igo,CA
96024,Douglas City,CA
98355,Mineral,WA
96104,Cedarville,CA
95230,Farmington,CA
97011,Brightwood,OR
95456,Little River,CA
94933,Forest Knolls,CA
97453,Mapleton,OR
97461,Noti,OR
98134,Seattle,WA
98585,Silver Creek,WA
98358,Nordland,WA
95703,Applegate,CA
94586,Sunol,CA
95922,Camptonville,CA
99033,Tekoa,WA
98814,Carlton,WA
93518,Caliente,CA
96109,Doyle,CA
97867,North Powder,OR
94923,Bodega Bay,CA
98326,Clallam Bay,WA
95345,Midpines,CA
98651,Underwood,WA
96069,Oak Run,CA
97870,Richland,OR
97118,Garibaldi,OR
98361,Packwood,WA
93424,Avila Beach,CA
97388,Gleneden Beach,OR
95652,Mcclellan,CA
99341,Lind,WA
92070,Santa Ysabel,CA
93254,New Cuyama,CA
97489,Walterville,OR
98220,Acme,WA
95941,Forbestown,CA
98323,Carbonado,WA
99032,Sprague,WA
95674,Rio Oso,CA
95553,Miranda,CA
93450,San Ardo,CA
95565,Scotia,CA
98396,Wilkeson,WA
98535,Copalis Beach,WA
97481,Tenmile,OR
93673,Traver,CA
93665,South Dos Palos,CA
95914,Bangor,CA
95552,Mad River,CA
97390,Tidewater,OR
98587,Taholah,WA
99129,Fruitland,WA
97429,Days Creek,OR
94937,Inverness,CA
97833,Haines,OR
99113,Colton,WA
92327,Daggett,CA
99157,Northport,WA
95830,Sacramento,CA
98447,Tacoma,WA
96038,Grenada,CA
95043,Paicines,CA
97345,Foster,OR
96048,Junction City,CA
95439,Fulton,CA
98276,Nooksack,WA
98336,Glenoma,WA
92358,Lytle Creek,CA
97149,Neskowin,OR
98572,Pe Ell,WA
99040,Wellpinit,WA
97117,Gales Creek,OR
99118,Curlew,WA
97135,Pacific City,OR
99023,Mica,WA
97901,Adrian,OR
93932,Lockwood,CA
95432,Elk,CA
95444,Graton,CA
95543,Gasquet,CA
95615,Courtland,CA
96096,Whitmore,CA
92347,Hinkley,CA
94970,Stinson Beach,CA
97436,Elkton,OR
92066,Ranchita,CA
90742,Sunset Beach,CA
99143,Lacrosse,WA
93255,Onyx,CA
96128,Standish,CA
95960,North San Juan,CA
95017,Davenport,CA
93238,Kernville,CA
92322,Cedarpines Park,CA
98530,Bucoda,WA
97492,Westfir,OR
95563,Salyer,CA
95668,Pleasant Grove,CA
97486,Umpqua,OR
97371,Rickreall,OR
97639,Sprague River,OR
94946,Nicasio,CA
93452,San Simeon,CA
94567,Pope Valley,CA
92305,Angelus Oaks,CA
95227,Clements,CA
95306,Catheys Valley,CA
97843,Ione,OR
99401,Anatone,WA
97830,Fossil,OR
95459,Manchester,CA
93517,Bridgeport,CA
97108,Beaver,OR
97627,Keno,OR
97410,Azalea,OR
95387,Westley,CA
92135,San Diego,CA
93526,Independence,CA
95251,Vallecito,CA
95651,Lotus,CA
96091,Trinity Center,CA
98829,Malott,WA
95970,Princeton,CA
98542,Ethel,WA
98279,Olga,WA
91931,Guatay,CA
99125,Endicott,WA
99158,Oakesdale,WA
95939,Elk Creek,CA
97543,Wilderville,OR
95556,Orleans,CA
97065,Wasco,OR
97737,Gilchrist,OR
97447,Idleyld Park,OR
98243,Deer Harbor,WA
97522,Butte Falls,OR
99321,Beverly,WA
97441,Gardiner,OR
98438,Mcchord Afb,WA
92678,Trabuco Canyon,CA
95653,Madison,CA
96148,Tahoe Vista,CA
98673,Wishram,WA
97531,Kerby,OR
95471,Rio Nido,CA
98830,Mansfield,WA
92309,Baker,CA
98827,Loomis,WA
95675,River Pines,CA
98946,Thorp,WA
92258,North Palm Springs,CA
97638,Silver Lake,OR
96058,Macdoel,CA
97841,Imbler,OR
97039,Moro,OR
93954,San Lucas,CA
97857,Lostine,OR
99179,Uniontown,WA
99346,Plymouth,WA
95233,Hathaway Pines,CA
96087,Shasta,CA
99134,Harrington,WA
96059,Manton,CA
93604,Bass Lake,CA
93652,Raisin City,CA
98941,Roslyn,WA
98619,Glenwood,WA
97109,Buxton,OR
96084,Round Mountain,CA
98925,Easton,WA
91210,Glendale,CA
99102,Albion,WA
99167,Rice,WA
97910,Jordan Valley,OR
98581,Ryderwood,WA
99103,Almira,WA
95420,Caspar,CA
95714,Dutch Flat,CA
92147,San Diego,CA
97412,Blachly,OR
94021,Loma Mar,CA
95554,Myers Flat,CA
97636,Paisley,OR
97907,Huntington,OR
95527,Burnt Ranch,CA
98644,Seaview,WA
96033,French Gulch,CA
96090,Tehama,CA
98552,Humptulips,WA
93224,Fellows,CA
98824,George,WA
98643,Rosburg,WA
97364,Neotsu,OR
99117,Creston,WA
95075,Tres Pinos,CA
96124,Calpine,CA
97622,Bly,OR
95585,Leggett,CA
92155,San Diego,CA
92268,Pioneertown,CA
98068,Snoqualmie Pass,WA
97874,Spray,OR
98280,Orcas,WA
92328,Death Valley,CA
95555,Orick,CA
95041,Mount Hermon,CA
97130,Manzanita,OR
98050,Preston,WA
99140,Keller,WA
98345,Keyport,WA
94104,San Francisco,CA
96016,Cassel,CA
95558,Petrolia,CA
95385,Vernalis,CA
93962,Spreckels,CA
95979,Stonyford,CA
97450,Langlois,OR
93067,Summerland,CA
96129,Beckwourth,CA
95257,Wilseyville,CA
98350,La Push,WA
94963,San Geronimo,CA
96141,Homewood,CA
96065,Montgomery Creek,CA
98613,Centerville,WA
98385,South Prairie,WA
95412,Annapolis,CA
97122,Hebo,OR
99153,Metaline Falls,WA
92333,Fawnskin,CA
97451,Lorane,OR
97733,Crescent,OR
93529,June Lake,CA
95564,Samoa,CA
95607,Capay,CA
96006,Adin,CA
97625,Dairy,OR
94528,Diablo,CA
96050,Klamath River,CA
95983,Taylorsville,CA
93664,Shaver Lake,CA
95225,Burson,CA
94548,Knightsen,CA
95493,Witter Springs,CA
95007,Brookdale,CA
98538,Curtis,WA
96105,Chilcoot,CA
95569,Redcrest,CA
97731,Chemult,OR
98533,Cinebar,WA
97493,Westlake,OR
99150,Malo,WA
96063,Mineral,CA
96121,Milford,CA
97856,Long Creek,OR
93563,Valyermo,CA
95417,Branscomb,CA
96117,Litchfield,CA
97750,Mitchell,OR
97145,Tolovana Park,OR
99363,Wallula,WA
95950,Grimes,CA
96075,Paynes Creek,CA
97147,Wheeler,OR
97430,Deadwood,OR
98256,Index,WA
95956,Meadow Valley,CA
98845,Palisades,WA
98305,Beaver,WA
96092,Vina,CA
97476,Sixes,OR
98283,Rockport,WA
93531,Keene,CA
97880,Ukiah,OR
97001,Antelope,OR
98558,Mckenna,WA
99128,Farmington,WA
95639,Hood,CA
98267,Marblemount,WA
97480,Swisshome,OR
93512,Benton,CA
99137,Hunters,WA
95984,Twain,CA
99371,Washtucna,WA
91934,Jacumba,CA
96009,Bieber,CA
96015,Canby,CA
98555,Lilliwaup,WA
96054,Lookout,CA
97102,Arch Cape,OR
97906,Harper,OR
98381,Sekiu,WA
95920,Butte City,CA
98647,Skamokawa,WA
93244,Lemon Cove,CA
91759,Mt Baldy,CA
98821,Dryden,WA
97414,Broadbent,OR
98590,Tokeland,WA
95571,Weott,CA
99135,Hartline,WA
96135,Vinton,CA
95837,Sacramento,CA
99149,Malden,WA
95435,Finley,CA
97873,Seneca,OR
93549,Olancha,CA
99335,Kahlotus,WA
97134,Oceanside,OR
95736,Weimar,CA
94940,Marshall,CA
98527,Bay Center,WA
92134,San Diego,CA
96076,Platina,CA
97839,Lexington,OR
97877,Sumpter,OR
97125,Manning,OR
96037,Greenview,CA
96034,Gazelle,CA
98571,Pacific Beach,WA
96086,Seiad Valley,CA
95312,Cressey,CA
95925,Challenge,CA
96106,Clio,CA
95568,Somes Bar,CA
99124,Elmer City,WA
98621,Grays River,WA
97029,Grass Valley,OR
95637,Guinda,CA
97835,Helix,OR
98628,Klickitat,WA
95511,Alderpoint,CA
95935,Dobbins,CA
97490,Walton,OR
93207,California Hot Springs,CA
94929,Dillon Beach,CA
97473,Scottsburg,OR
97904,Drewsey,OR
95537,Fields Landing,CA
95606,Brooks,CA
97825,Dayville,OR
93627,Helm,CA
95978,Stirling City,CA
93541,Lee Vining,CA
99322,Bickleton,WA
97634,Midland,OR
98940,Ronald,WA
93669,Wishon,CA
90743,Surfside,CA
98860,Wilson Creek,WA
92378,Rimforest,CA
98288,Skykomish,WA
95728,Soda Springs,CA
99018,Latah,WA
95450,Jenner,CA
92239,Desert Center,CA
94971,Tomales,CA
93260,Posey,CA
95427,Comptche,CA
97864,Monument,OR
96112,Fort Bidwell,CA
93641,Miramonte,CA
92341,Green Valley Lake,CA
97730,Camp Sherman,OR
97343,Eddyville,OR
97721,Princeton,OR
95318,El Portal,CA
99121,Danville,WA
92385,Skyforest,CA
97840,Oxbow,OR
98224,Baring,WA
97350,Idanha,OR
98526,Amanda Park,WA
98811,Ardenvoir,WA
98832,Marlin,WA
96068,Nubieber,CA
93251,McKittrick,CA
98834,Methow,WA
96011,Big Bend,CA
93605,Big Creek,CA
95526,Bridgeville,CA
97373,Saint Benedict,OR
95443,Glenhaven,CA
97028,Government Camp,OR
97848,Kimberly,OR
97369,Otter Rock,OR
98602,Appleton,WA
98819,Conconully,WA
95697,Yolo,CA
94569,Port Costa,CA
95488,Westport,CA
97484,Tiller,OR
98164,Seattle,WA
98817,Chelan Falls,WA
97620,Adel,OR
99131,Gifford,WA
95717,Gold Run,CA
93603,Badger,CA
98859,Wauconda,WA
97357,Logsden,OR
97050,Rufus,OR
98582,Salkum,WA
96116,Likely,CA
95494,Yorkville,CA
94074,San Gregorio,CA
97635,New Pine Creek,OR
92389,Tecopa,CA
99356,Roosevelt,WA
95224,Avery,CA
96029,Flournoy,CA
92060,Palomar Mountain,CA
93524,Edwards,CA
98255,Hamilton,WA
98614,Chinook,WA
96074,Paskenta,CA
95431,Eldridge,CA
95232,Glencoe,CA
98286,Shaw Island,WA
91046,Verdugo City,CA
95936,Downieville,CA
95335,Long Barn,CA
95601,Amador City,CA
97859,Meacham,OR
99176,Thornton,WA
97621,Beatty,OR
98583,Satsop,WA
95698,Zamora,CA
93645,O'Neals,CA
94128,San Francisco,CA
95934,Crescent Mills,CA
97329,Cascadia,OR
93043,Port Hueneme Cbc Base,CA
93276,Tupman,CA
93429,Casmalia,CA
99359,Starbuck,WA
95514,Blocksburg,CA
96017,Castella,CA
98575,Quinault,WA
98833,Mazama,WA
95595,Zenia,CA
95463,Navarro,CA
93621,Dunlap,CA
99329,Dixie,WA
96014,Callahan,CA
97604,Crater Lake,OR
99345,Paterson,WA
90822,Long Beach,CA
96031,Forks Of Salmon,CA
91948,Mount Laguna,CA
97884,Unity,OR
98921,Buena,WA
97637,Plush,OR
97640,Summer Lake,OR
99017,Lamont,WA
90071,Los Angeles,CA
96133,Topaz,CA
96125,Sierra City,CA
96110,Eagleville,CA
93554,Randsburg,CA
96040,Hat Creek,CA
99147,Lincoln,WA
94950,Olema,CA
95910,Alleghany,CA
97732,Crane,OR
96010,Big Bar,CA
93226,Glennville,CA
92259,Ocotillo,CA
93528,Johannesburg,CA
93042,Point Mugu Nawc,CA
95545,Honeydew,CA
97842,Imnaha,OR
97144,Timber,OR
95429,Dos Rios,CA
98560,Matlock,WA
96115,Lake City,CA
93592,Trona,CA
96046,Hyampom,CA
97710,Fields,OR
93623,Fish Camp,CA
98616,Cougar,WA
99160,Orient,WA
92266,Palo Verde,CA
95248,Rail Road Flat,CA
93208,Camp Nelson,CA
99152,Metaline,WA
94576,Deer Park,CA
97736,Frenchglen,OR
95715,Emigrant Gap,CA
94516,Canyon,CA
95720,Kyburz,CA
99151,Marcus,WA
98330,Elbe,WA
95140,Mount Hamilton,CA
93522,Darwin,CA
92332,Essex,CA
97909,Jamieson,OR
97735,Fort Rock,OR
95550,Korbel,CA
98939,Parker,WA
96049,Redding,CA
97342,Detroit,OR
97758,Riley,OR
98364,Port Gamble,WA
97712,Brothers,OR
95604,Auburn,CA
95013,Coyote,CA
96126,Sierraville,CA
97905,Durkee,OR
98222,Blakely Island,WA
98263,Lyman,WA
96111,Floriston,CA
93628,Hume,CA
95646,Kirkwood,CA
96108,Davis Creek,CA
95325,Hornitos,CA
97751,Paulina,OR
98536,Copalis Crossing,WA
95625,Elmira,CA
98235,Clearlake,WA
97920,Westfall,OR
99039,Waverly,WA
95930,Clipper Mills,CA
93287,Woody,CA
95559,Phillipsville,CA
97911,Juntura,OR
97494,Wilbur,OR
95974,Richvale,CA
93220,Edison,CA
97722,Diamond,OR
98544,Galvin,WA
97817,Bates,OR
97837,Hereford,OR
96119,Madeline,CA
98950,Vantage,WA
99174,Steptoe,WA
95986,Washington,CA
95679,Rumsey,CA
96085,Scott Bar,CA
93262,Sequoia National Park,CA
95486,Villa Grande,CA
95587,Piercy,CA
97903,Brogan,OR
96132,Termo,CA
97033,Kent,OR
98195,Seattle,WA
98297,Waldron,WA
97406,Agness,OR
98562,Moclips,WA
97626,Fort Klamath,OR
96136,Wendel,CA
99333,Hooper,WA
98670,Wahkiacus,WA
95981,Strawberry Valley,CA
97908,Ironside,OR
99105,Benge,WA
94573,Rutherford,CA
99034,Tumtum,WA
97711,Ashwood,OR
99154,Mohler,WA
96071,Old Station,CA
95923,Canyon Dam,CA
93558,Red Mountain,CA
95944,Goodyears Bar,CA
94972,Valley Ford,CA
96123,Ravendale,CA
99146,Laurier,WA
98641,Oysterville,WA
92304,Amboy,CA
95724,Norden,CA
93634,Lakeshore,CA
91608,Universal City,CA
95699,Drytown,CA
96061,Mill Creek,CA
98353,Manchester,WA
99144,Lamona,WA
99136,Hay,WA
92384,Shoshone,CA
97819,Bridgeport,OR
94512,Birds Landing,CA
98852,Stehekin,WA
98853,Stratford,WA
95735,Twin Bridges,CA
93530,Keeler,CA
95680,Ryde,CA
97057,Shaniko,OR
95430,Duncans Mills,CA
92267,Parker Dam,CA
92364,Nipton,CA
95375,Strawberry,CA
99020,Marshall,WA
98174,Seattle,WA
98559,Malone,WA
98158,Seattle,WA
98238,Conway,WA
98154,Seattle,WA
99164,Pullman,WA
98430,Camp Murray,WA
91371,Woodland Hills,CA
93633,Kings Canyon National Pk,CA
90506,Torrance,CA
90095,Los Angeles,CA
91980,Tecate,CA
90079,Los Angeles,CA
93410,San Luis Obispo,CA
90747,Carson,CA
92222,Bard,CA
93519,Cantil,CA
90090,Dodgertown,CA
95721,Echo Lake,CA
90831,Long Beach,CA
92132,San Diego,CA
95364,Pinecrest,CA
95915,Belden,CA
93943,Monterey,CA
92280,Vidal,CA
93064,Brandeis,CA
94850,Richmond,CA
96155,South Lake Tahoe,CA
95305,Big Oak Flat,CA
95234,Holt,CA
92338,Ludlow,CA
95226,Campo Seco,CA
97752,Post,OR
97208,Portland,OR
97384,Mehama,OR
